BDKBJLID_00002	K00231
BDKBJLID_00002	K14266
BDKBJLID_00005	K03281
BDKBJLID_00006	K03281
BDKBJLID_00014	K07064
BDKBJLID_00016	K03406
BDKBJLID_00022	K00567
BDKBJLID_00022	K01247
BDKBJLID_00022	K13529
BDKBJLID_00022	K15051
BDKBJLID_00023	K00567
BDKBJLID_00025	K02656
BDKBJLID_00028	K03652
BDKBJLID_00029	K07395
BDKBJLID_00035	K21498
BDKBJLID_00038	K12140
BDKBJLID_00039	K12141
BDKBJLID_00040	K14089
BDKBJLID_00043	K01420
BDKBJLID_00043	K21564
BDKBJLID_00052	K21495
BDKBJLID_00053	K07062
BDKBJLID_00059	K16137
BDKBJLID_00060	K06039
BDKBJLID_00060	K07092
BDKBJLID_00064	K07031
BDKBJLID_00065	K02377
BDKBJLID_00066	K00161
BDKBJLID_00066	K21416
BDKBJLID_00067	K00162
BDKBJLID_00067	K21417
BDKBJLID_00068	K12452
BDKBJLID_00069	K00966
BDKBJLID_00069	K03273
BDKBJLID_00069	K15669
BDKBJLID_00072	K07483
BDKBJLID_00072	K07497
BDKBJLID_00073	K07497
BDKBJLID_00076	K02315
BDKBJLID_00078	K02315
BDKBJLID_00079	K02315
BDKBJLID_00080	K16328
BDKBJLID_00084	K07483
BDKBJLID_00084	K07497
BDKBJLID_00085	K07497
BDKBJLID_00095	K02527
BDKBJLID_00095	K02841
BDKBJLID_00095	K02843
BDKBJLID_00095	K12982
BDKBJLID_00098	K12993
BDKBJLID_00099	K01990
BDKBJLID_00099	K09689
BDKBJLID_00099	K09691
BDKBJLID_00100	K01992
BDKBJLID_00100	K09690
BDKBJLID_00101	K00996
BDKBJLID_00101	K16566
BDKBJLID_00101	K16707
BDKBJLID_00108	K00341
BDKBJLID_00108	K05577
BDKBJLID_00108	K09822
BDKBJLID_00109	K09822
BDKBJLID_00111	K01687
BDKBJLID_00112	K07566
BDKBJLID_00113	K01687
BDKBJLID_00113	K16786
BDKBJLID_00115	K00341
BDKBJLID_00115	K05577
BDKBJLID_00115	K09822
BDKBJLID_00116	K00341
BDKBJLID_00116	K05577
BDKBJLID_00116	K09822
BDKBJLID_00117	K09822
BDKBJLID_00118	K02003
BDKBJLID_00118	K02484
BDKBJLID_00118	K07708
BDKBJLID_00118	K13924
BDKBJLID_00118	K14986
BDKBJLID_00119	K02003
BDKBJLID_00119	K02484
BDKBJLID_00119	K07708
BDKBJLID_00119	K13924
BDKBJLID_00119	K14986
BDKBJLID_00120	K02003
BDKBJLID_00120	K02484
BDKBJLID_00120	K07708
BDKBJLID_00120	K13924
BDKBJLID_00120	K14986
BDKBJLID_00121	K07714
BDKBJLID_00125	K18614
BDKBJLID_00126	K00020
BDKBJLID_00128	K01607
BDKBJLID_00130	K07403
BDKBJLID_00138	K00003
BDKBJLID_00142	K03446
BDKBJLID_00143	K00354
BDKBJLID_00146	K00109
BDKBJLID_00146	K15736
BDKBJLID_00148	K03116
BDKBJLID_00149	K00404
BDKBJLID_00151	K00455
BDKBJLID_00151	K15777
BDKBJLID_00153	K06941
BDKBJLID_00154	K19302
BDKBJLID_00156	K22044
BDKBJLID_00158	K07090
BDKBJLID_00159	K02481
BDKBJLID_00161	K10819
BDKBJLID_00161	K18143
BDKBJLID_00162	K08259
BDKBJLID_00162	K21471
BDKBJLID_00164	K03977
BDKBJLID_00164	K08591
BDKBJLID_00165	K00995
BDKBJLID_00165	K08744
BDKBJLID_00166	K03270
BDKBJLID_00167	K03281
BDKBJLID_00167	K06041
BDKBJLID_00168	K01627
BDKBJLID_00169	K01937
BDKBJLID_00170	K00979
BDKBJLID_00171	K03272
BDKBJLID_00172	K03100
BDKBJLID_00173	K03596
BDKBJLID_00174	K03596
BDKBJLID_00176	K01892
BDKBJLID_00181	K10773
BDKBJLID_00182	K01338
BDKBJLID_00183	K13993
BDKBJLID_00184	K02836
BDKBJLID_00185	K03820
BDKBJLID_00188	K10747
BDKBJLID_00189	K04766
BDKBJLID_00191	K01338
BDKBJLID_00191	K07157
BDKBJLID_00192	K06923
BDKBJLID_00193	K09705
BDKBJLID_00194	K00088
BDKBJLID_00195	K01951
BDKBJLID_00195	K03790
BDKBJLID_00199	K01876
BDKBJLID_00200	K01915
BDKBJLID_00201	K13924
BDKBJLID_00202	K00382
BDKBJLID_00202	K00520
BDKBJLID_00205	K13628
BDKBJLID_00205	K15724
BDKBJLID_00208	K03624
BDKBJLID_00209	K01955
BDKBJLID_00210	K04070
BDKBJLID_00211	K01955
BDKBJLID_00211	K01956
BDKBJLID_00212	K01465
BDKBJLID_00213	K00608
BDKBJLID_00213	K00609
BDKBJLID_00214	K02825
BDKBJLID_00216	K19710
BDKBJLID_00217	K06925
BDKBJLID_00217	K07102
BDKBJLID_00217	K07452
BDKBJLID_00224	K17760
BDKBJLID_00225	K00412
BDKBJLID_00225	K00971
BDKBJLID_00225	K02275
BDKBJLID_00225	K02389
BDKBJLID_00225	K03177
BDKBJLID_00225	K17624
BDKBJLID_00227	K11529
BDKBJLID_00228	K11529
BDKBJLID_00230	K04773
BDKBJLID_00231	K09767
BDKBJLID_00232	K01992
BDKBJLID_00233	K01990
BDKBJLID_00234	K02305
BDKBJLID_00238	K02636
BDKBJLID_00238	K03886
BDKBJLID_00240	K00858
BDKBJLID_00242	K04744
BDKBJLID_00243	K11754
BDKBJLID_00244	K01963
BDKBJLID_00245	K01695
BDKBJLID_00246	K01696
BDKBJLID_00247	K01817
BDKBJLID_00247	K13498
BDKBJLID_00248	K01609
BDKBJLID_00249	K00766
BDKBJLID_00249	K13497
BDKBJLID_00250	K00766
BDKBJLID_00250	K01658
BDKBJLID_00250	K01664
BDKBJLID_00250	K13497
BDKBJLID_00251	K01657
BDKBJLID_00253	K01515
BDKBJLID_00254	K08976
BDKBJLID_00257	K02574
BDKBJLID_00259	K00404
BDKBJLID_00260	K18912
BDKBJLID_00261	K02274
BDKBJLID_00263	K00404
BDKBJLID_00264	K02305
BDKBJLID_00267	K00405
BDKBJLID_00273	K00872
BDKBJLID_00274	K02823
BDKBJLID_00274	K17828
BDKBJLID_00275	K13571
BDKBJLID_00275	K20814
BDKBJLID_00276	K03432
BDKBJLID_00277	K03433
BDKBJLID_00279	K13571
BDKBJLID_00279	K20814
BDKBJLID_00280	K13527
BDKBJLID_00281	K01494
BDKBJLID_00282	K01494
BDKBJLID_00283	K00768
BDKBJLID_00283	K04719
BDKBJLID_00284	K01843
BDKBJLID_00287	K02407
BDKBJLID_00287	K02492
BDKBJLID_00288	K01749
BDKBJLID_00288	K13542
BDKBJLID_00289	K01719
BDKBJLID_00289	K01749
BDKBJLID_00289	K13542
BDKBJLID_00289	K13543
BDKBJLID_00290	K01719
BDKBJLID_00290	K01749
BDKBJLID_00290	K02302
BDKBJLID_00290	K02303
BDKBJLID_00290	K13542
BDKBJLID_00290	K13543
BDKBJLID_00291	K01698
BDKBJLID_00292	K07011
BDKBJLID_00292	K11753
BDKBJLID_00293	K04075
BDKBJLID_00294	K00760
BDKBJLID_00294	K00939
BDKBJLID_00295	K03798
BDKBJLID_00296	K00796
BDKBJLID_00297	K18672
BDKBJLID_00300	K07120
BDKBJLID_00303	K03316
BDKBJLID_00309	K03543
BDKBJLID_00311	K01669
BDKBJLID_00312	K10716
BDKBJLID_00313	K06911
BDKBJLID_00314	K07285
BDKBJLID_00319	K07505
BDKBJLID_00334	K11326
BDKBJLID_00335	K11326
BDKBJLID_00336	K07798
BDKBJLID_00336	K15727
BDKBJLID_00337	K15725
BDKBJLID_00340	K21886
BDKBJLID_00340	K21903
BDKBJLID_00340	K22298
BDKBJLID_00341	K16264
BDKBJLID_00346	K07810
BDKBJLID_00348	K01533
BDKBJLID_00348	K17686
BDKBJLID_00352	K09771
BDKBJLID_00358	K02014
BDKBJLID_00359	K03561
BDKBJLID_00360	K03559
BDKBJLID_00361	K01179
BDKBJLID_00361	K03110
BDKBJLID_00361	K03832
BDKBJLID_00361	K21471
BDKBJLID_00365	K03581
BDKBJLID_00366	K03582
BDKBJLID_00366	K16898
BDKBJLID_00367	K03583
BDKBJLID_00368	K13953
BDKBJLID_00368	K13979
BDKBJLID_00371	K03296
BDKBJLID_00372	K18901
BDKBJLID_00378	K00334
BDKBJLID_00378	K00335
BDKBJLID_00379	K00334
BDKBJLID_00379	K00335
BDKBJLID_00381	K07316
BDKBJLID_00382	K02238
BDKBJLID_00383	K03431
BDKBJLID_00384	K19587
BDKBJLID_00385	K10680
BDKBJLID_00391	K06992
BDKBJLID_00397	K05589
BDKBJLID_00397	K12065
BDKBJLID_00397	K13052
BDKBJLID_00398	K01689
BDKBJLID_00399	K02569
BDKBJLID_00399	K15876
BDKBJLID_00401	K01876
BDKBJLID_00401	K02434
BDKBJLID_00402	K02433
BDKBJLID_00403	K01579
BDKBJLID_00404	K02435
BDKBJLID_00405	K03657
BDKBJLID_00406	K03641
BDKBJLID_00407	K00820
BDKBJLID_00408	K04042
BDKBJLID_00408	K11528
BDKBJLID_00408	K16203
BDKBJLID_00410	K16079
BDKBJLID_00410	K21572
BDKBJLID_00411	K01759
BDKBJLID_00412	K03741
BDKBJLID_00412	K03892
BDKBJLID_00414	K12410
BDKBJLID_00416	K15977
BDKBJLID_00418	K01628
BDKBJLID_00418	K08964
BDKBJLID_00418	K08966
BDKBJLID_00419	K08964
BDKBJLID_00419	K08966
BDKBJLID_00420	K08965
BDKBJLID_00421	K08967
BDKBJLID_00422	K03386
BDKBJLID_00422	K20011
BDKBJLID_00423	K00428
BDKBJLID_00424	K09825
BDKBJLID_00426	K00943
BDKBJLID_00427	K02341
BDKBJLID_00427	K02343
BDKBJLID_00429	K01874
BDKBJLID_00429	K01890
BDKBJLID_00429	K04566
BDKBJLID_00429	K06878
BDKBJLID_00430	K03424
BDKBJLID_00432	K06962
BDKBJLID_00433	K03294
BDKBJLID_00437	K20276
BDKBJLID_00438	K03294
BDKBJLID_00439	K03885
BDKBJLID_00439	K15977
BDKBJLID_00443	K00058
BDKBJLID_00443	K03977
BDKBJLID_00444	K01007
BDKBJLID_00445	K02688
BDKBJLID_00447	K00619
BDKBJLID_00447	K00930
BDKBJLID_00447	K14682
BDKBJLID_00448	K03406
BDKBJLID_00449	K02169
BDKBJLID_00449	K19104
BDKBJLID_00451	K00036
BDKBJLID_00452	K00033
BDKBJLID_00454	K11175
BDKBJLID_00455	K01933
BDKBJLID_00455	K11788
BDKBJLID_00457	K06076
BDKBJLID_00458	K03685
BDKBJLID_00458	K07053
BDKBJLID_00459	K09458
BDKBJLID_00460	K02078
BDKBJLID_00462	K00645
BDKBJLID_00462	K15327
BDKBJLID_00462	K15329
BDKBJLID_00462	K15355
BDKBJLID_00462	K15469
BDKBJLID_00463	K00648
BDKBJLID_00464	K03621
BDKBJLID_00464	K21576
BDKBJLID_00464	K21577
BDKBJLID_00465	K02911
BDKBJLID_00466	K07040
BDKBJLID_00467	K01881
BDKBJLID_00468	K03526
BDKBJLID_00469	K11749
BDKBJLID_00470	K00099
BDKBJLID_00471	K00981
BDKBJLID_00472	K00806
BDKBJLID_00472	K14215
BDKBJLID_00472	K21273
BDKBJLID_00473	K03765
BDKBJLID_00473	K21008
BDKBJLID_00474	K00288
BDKBJLID_00474	K01938
BDKBJLID_00475	K06153
BDKBJLID_00476	K03118
BDKBJLID_00477	K03116
BDKBJLID_00477	K03117
BDKBJLID_00479	K03789
BDKBJLID_00479	K03827
BDKBJLID_00480	K01409
BDKBJLID_00480	K14742
BDKBJLID_00481	K04485
BDKBJLID_00483	K06966
BDKBJLID_00484	K03592
BDKBJLID_00485	K03568
BDKBJLID_00486	K21469
BDKBJLID_00487	K02291
BDKBJLID_00487	K21679
BDKBJLID_00488	K21677
BDKBJLID_00489	K02291
BDKBJLID_00490	K01470
BDKBJLID_00491	K03496
BDKBJLID_00493	K01297
BDKBJLID_00498	K01091
BDKBJLID_00499	K07285
BDKBJLID_00500	K09942
BDKBJLID_00501	K03969
BDKBJLID_00510	K07064
BDKBJLID_00516	K07493
BDKBJLID_00532	K03616
BDKBJLID_00535	K01214
BDKBJLID_00536	K01214
BDKBJLID_00538	K03644
BDKBJLID_00539	K01834
BDKBJLID_00543	K11927
BDKBJLID_00544	K07010
BDKBJLID_00545	K01776
BDKBJLID_00546	K01207
BDKBJLID_00547	K01776
BDKBJLID_00547	K02428
BDKBJLID_00548	K00989
BDKBJLID_00548	K02428
BDKBJLID_00549	K07097
BDKBJLID_00550	K06022
BDKBJLID_00550	K06158
BDKBJLID_00550	K10834
BDKBJLID_00551	K13993
BDKBJLID_00552	K06178
BDKBJLID_00552	K06181
BDKBJLID_00552	K06182
BDKBJLID_00552	K06183
BDKBJLID_00553	K08306
BDKBJLID_00553	K08308
BDKBJLID_00553	K08309
BDKBJLID_00555	K06885
BDKBJLID_00559	K03469
BDKBJLID_00559	K06864
BDKBJLID_00559	K22316
BDKBJLID_00560	K07164
BDKBJLID_00562	K03086
BDKBJLID_00563	K03086
BDKBJLID_00564	K02316
BDKBJLID_00565	K09117
BDKBJLID_00566	K02970
BDKBJLID_00567	K03530
BDKBJLID_00568	K02503
BDKBJLID_00569	K01496
BDKBJLID_00569	K01497
BDKBJLID_00569	K01814
BDKBJLID_00569	K11755
BDKBJLID_00570	K02500
BDKBJLID_00571	K01814
BDKBJLID_00571	K01817
BDKBJLID_00571	K11755
BDKBJLID_00572	K01663
BDKBJLID_00572	K02501
BDKBJLID_00573	K00013
BDKBJLID_00573	K00817
BDKBJLID_00573	K01089
BDKBJLID_00573	K01693
BDKBJLID_00574	K00817
BDKBJLID_00575	K00013
BDKBJLID_00575	K15509
BDKBJLID_00576	K00765
BDKBJLID_00576	K02502
BDKBJLID_00577	K00790
BDKBJLID_00578	K00543
BDKBJLID_00578	K02493
BDKBJLID_00578	K15256
BDKBJLID_00579	K02835
BDKBJLID_00580	K02909
BDKBJLID_00581	K02887
BDKBJLID_00581	K03628
BDKBJLID_00586	K01086
BDKBJLID_00586	K03841
BDKBJLID_00588	K00128
BDKBJLID_00588	K00131
BDKBJLID_00590	K03465
BDKBJLID_00591	K02039
BDKBJLID_00592	K02036
BDKBJLID_00593	K02038
BDKBJLID_00594	K02037
BDKBJLID_00594	K02038
BDKBJLID_00596	K02040
BDKBJLID_00601	K01939
BDKBJLID_00604	K03688
BDKBJLID_00605	K03630
BDKBJLID_00606	K01096
BDKBJLID_00606	K01491
BDKBJLID_00606	K12977
BDKBJLID_00606	K19302
BDKBJLID_00608	K05889
BDKBJLID_00608	K17713
BDKBJLID_00610	K05365
BDKBJLID_00610	K05366
BDKBJLID_00612	K01179
BDKBJLID_00612	K20542
BDKBJLID_00613	K20541
BDKBJLID_00614	K00694
BDKBJLID_00616	K00694
BDKBJLID_00618	K02498
BDKBJLID_00618	K20543
BDKBJLID_00620	K04752
BDKBJLID_00621	K09822
BDKBJLID_00622	K00342
BDKBJLID_00623	K00341
BDKBJLID_00624	K02584
BDKBJLID_00624	K11914
BDKBJLID_00624	K12146
BDKBJLID_00624	K12266
BDKBJLID_00624	K15836
BDKBJLID_00625	K02416
BDKBJLID_00626	K02005
BDKBJLID_00626	K13888
BDKBJLID_00627	K02004
BDKBJLID_00627	K05685
BDKBJLID_00628	K02003
BDKBJLID_00629	K01507
BDKBJLID_00632	K02014
BDKBJLID_00635	K06320
BDKBJLID_00636	K02517
BDKBJLID_00636	K02843
BDKBJLID_00637	K02169
BDKBJLID_00640	K02422
BDKBJLID_00641	K02407
BDKBJLID_00642	K02406
BDKBJLID_00643	K13626
BDKBJLID_00644	K03563
BDKBJLID_00645	K02397
BDKBJLID_00646	K02396
BDKBJLID_00648	K02398
BDKBJLID_00649	K02406
BDKBJLID_00650	K02395
BDKBJLID_00650	K08309
BDKBJLID_00651	K02394
BDKBJLID_00653	K02279
BDKBJLID_00653	K02386
BDKBJLID_00654	K02392
BDKBJLID_00655	K02391
BDKBJLID_00655	K02392
BDKBJLID_00656	K02391
BDKBJLID_00656	K02392
BDKBJLID_00658	K00215
BDKBJLID_00658	K03546
BDKBJLID_00659	K01714
BDKBJLID_00661	K01586
BDKBJLID_00661	K05366
BDKBJLID_00662	K01755
BDKBJLID_00663	K01940
BDKBJLID_00664	K00611
BDKBJLID_00665	K00821
BDKBJLID_00666	K05844
BDKBJLID_00666	K10716
BDKBJLID_00670	K03179
BDKBJLID_00674	K03183
BDKBJLID_00676	K01524
BDKBJLID_00677	K00560
BDKBJLID_00677	K00943
BDKBJLID_00677	K01585
BDKBJLID_00678	K00943
BDKBJLID_00678	K01585
BDKBJLID_00680	K00568
BDKBJLID_00680	K01808
BDKBJLID_00681	K00600
BDKBJLID_00682	K07738
BDKBJLID_00683	K04066
BDKBJLID_00685	K10960
BDKBJLID_00686	K06196
BDKBJLID_00687	K00384
BDKBJLID_00690	K07399
BDKBJLID_00691	K02067
BDKBJLID_00692	K02065
BDKBJLID_00692	K02067
BDKBJLID_00693	K02066
BDKBJLID_00694	K01775
BDKBJLID_00694	K01929
BDKBJLID_00695	K02838
BDKBJLID_00696	K09903
BDKBJLID_00697	K02357
BDKBJLID_00698	K02967
BDKBJLID_00699	K00620
BDKBJLID_00699	K00930
BDKBJLID_00700	K00145
BDKBJLID_00701	K02996
BDKBJLID_00702	K02871
BDKBJLID_00704	K03522
BDKBJLID_00704	K05337
BDKBJLID_00706	K00796
BDKBJLID_00706	K01633
BDKBJLID_00706	K13940
BDKBJLID_00708	K08301
BDKBJLID_00709	K05837
BDKBJLID_00710	K05515
BDKBJLID_00712	K03570
BDKBJLID_00713	K03569
BDKBJLID_00715	K01783
BDKBJLID_00716	K03799
BDKBJLID_00717	K00604
BDKBJLID_00717	K03500
BDKBJLID_00718	K01462
BDKBJLID_00720	K06999
BDKBJLID_00721	K06888
BDKBJLID_00724	K00384
BDKBJLID_00725	K12340
BDKBJLID_00726	K03585
BDKBJLID_00727	K07712
BDKBJLID_00728	K00605
BDKBJLID_00728	K06980
BDKBJLID_00730	K03585
BDKBJLID_00731	K03406
BDKBJLID_00731	K16149
BDKBJLID_00732	K01624
BDKBJLID_00733	K00965
BDKBJLID_00734	K22451
BDKBJLID_00735	K22451
BDKBJLID_00737	K00975
BDKBJLID_00739	K00363
BDKBJLID_00739	K05710
BDKBJLID_00741	K01262
BDKBJLID_00741	K01271
BDKBJLID_00743	K07798
BDKBJLID_00743	K15727
BDKBJLID_00744	K03296
BDKBJLID_00746	K03530
BDKBJLID_00747	K02282
BDKBJLID_00747	K02482
BDKBJLID_00747	K03557
BDKBJLID_00748	K03694
BDKBJLID_00748	K03695
BDKBJLID_00750	K03686
BDKBJLID_00750	K05516
BDKBJLID_00751	K00239
BDKBJLID_00751	K00244
BDKBJLID_00751	K00278
BDKBJLID_00753	K01885
BDKBJLID_00753	K09698
BDKBJLID_00756	K02040
BDKBJLID_00758	K00171
BDKBJLID_00758	K00172
BDKBJLID_00758	K02573
BDKBJLID_00758	K13795
BDKBJLID_00758	K18930
BDKBJLID_00759	K00172
BDKBJLID_00760	K00170
BDKBJLID_00761	K00169
BDKBJLID_00763	K00171
BDKBJLID_00763	K00172
BDKBJLID_00763	K02573
BDKBJLID_00763	K13795
BDKBJLID_00763	K18930
BDKBJLID_00764	K00172
BDKBJLID_00765	K00170
BDKBJLID_00766	K00169
BDKBJLID_00769	K01845
BDKBJLID_00770	K03271
BDKBJLID_00771	K03272
BDKBJLID_00772	K03723
BDKBJLID_00773	K01802
BDKBJLID_00773	K03769
BDKBJLID_00773	K07533
BDKBJLID_00773	K20074
BDKBJLID_00774	K03769
BDKBJLID_00775	K02597
BDKBJLID_00775	K03769
BDKBJLID_00775	K03771
BDKBJLID_00776	K03978
BDKBJLID_00777	K07106
BDKBJLID_00777	K09001
BDKBJLID_00778	K00966
BDKBJLID_00778	K00973
BDKBJLID_00778	K00992
BDKBJLID_00779	K07102
BDKBJLID_00781	K10563
BDKBJLID_00784	K01870
BDKBJLID_00785	K03101
BDKBJLID_00787	K06180
BDKBJLID_00789	K00805
BDKBJLID_00789	K02523
BDKBJLID_00792	K01092
BDKBJLID_00794	K01595
BDKBJLID_00796	K02535
BDKBJLID_00796	K16363
BDKBJLID_00798	K03617
BDKBJLID_00798	K08999
BDKBJLID_00799	K04755
BDKBJLID_00800	K04085
BDKBJLID_00802	K03685
BDKBJLID_00803	K02342
BDKBJLID_00804	K00566
BDKBJLID_00806	K03497
BDKBJLID_00807	K03496
BDKBJLID_00808	K03501
BDKBJLID_00809	K03495
BDKBJLID_00810	K03495
BDKBJLID_00811	K03650
BDKBJLID_00812	K03217
BDKBJLID_00813	K02939
BDKBJLID_00816	K03282
BDKBJLID_00817	K07043
BDKBJLID_00818	K02006
BDKBJLID_00818	K02188
BDKBJLID_00819	K00595
BDKBJLID_00819	K13541
BDKBJLID_00820	K00595
BDKBJLID_00821	K02189
BDKBJLID_00821	K05934
BDKBJLID_00821	K05936
BDKBJLID_00821	K13541
BDKBJLID_00822	K02016
BDKBJLID_00822	K05934
BDKBJLID_00822	K05936
BDKBJLID_00822	K13541
BDKBJLID_00822	K21479
BDKBJLID_00823	K02232
BDKBJLID_00823	K19221
BDKBJLID_00824	K01462
BDKBJLID_00825	K01591
BDKBJLID_00826	K02687
BDKBJLID_00831	K02040
BDKBJLID_00833	K01601
BDKBJLID_00833	K08965
BDKBJLID_00834	K04034
BDKBJLID_00836	K20543
BDKBJLID_00839	K11210
BDKBJLID_00840	K02040
BDKBJLID_00843	K03517
BDKBJLID_00844	K00133
BDKBJLID_00845	K00052
BDKBJLID_00846	K01649
BDKBJLID_00847	K17103
BDKBJLID_00848	K01613
BDKBJLID_00849	K00053
BDKBJLID_00850	K01652
BDKBJLID_00851	K02313
BDKBJLID_00852	K02338
BDKBJLID_00853	K02470
BDKBJLID_00854	K02469
BDKBJLID_00854	K02621
BDKBJLID_00856	K04068
BDKBJLID_00856	K10026
BDKBJLID_00857	K06920
BDKBJLID_00858	K01255
BDKBJLID_00858	K01259
BDKBJLID_00859	K03664
BDKBJLID_00864	K21498
BDKBJLID_00865	K07483
BDKBJLID_00865	K07497
BDKBJLID_00866	K07497
BDKBJLID_00867	K07334
BDKBJLID_00870	K01649
BDKBJLID_00871	K03719
BDKBJLID_00874	K07001
BDKBJLID_00876	K03574
BDKBJLID_00876	K08320
BDKBJLID_00878	K05710
BDKBJLID_00880	K03168
BDKBJLID_00881	K01673
BDKBJLID_00882	K17218
BDKBJLID_00886	K07568
BDKBJLID_00889	K05595
BDKBJLID_00892	K13598
BDKBJLID_00893	K02481
BDKBJLID_00893	K13599
BDKBJLID_00894	K00648
BDKBJLID_00895	K05807
BDKBJLID_00895	K08309
BDKBJLID_00896	K02304
BDKBJLID_00900	K00762
BDKBJLID_00902	K05366
BDKBJLID_00903	K00134
BDKBJLID_00903	K01596
BDKBJLID_00903	K03472
BDKBJLID_00904	K00927
BDKBJLID_00904	K01803
BDKBJLID_00905	K01803
BDKBJLID_00906	K03075
BDKBJLID_00907	K02035
BDKBJLID_00908	K00759
BDKBJLID_00908	K02033
BDKBJLID_00909	K02031
BDKBJLID_00909	K02034
BDKBJLID_00909	K15582
BDKBJLID_00910	K01091
BDKBJLID_00913	K02108
BDKBJLID_00914	K02110
BDKBJLID_00914	K02124
BDKBJLID_00915	K02109
BDKBJLID_00916	K02109
BDKBJLID_00916	K02113
BDKBJLID_00917	K02111
BDKBJLID_00918	K02115
BDKBJLID_00919	K02112
BDKBJLID_00920	K02114
BDKBJLID_00921	K00219
BDKBJLID_00921	K01069
BDKBJLID_00924	K07337
BDKBJLID_00924	K21008
BDKBJLID_00928	K03651
BDKBJLID_00928	K05889
BDKBJLID_00928	K12132
BDKBJLID_00928	K17713
BDKBJLID_00929	K01061
BDKBJLID_00931	K03269
BDKBJLID_00932	K03429
BDKBJLID_00934	K01759
BDKBJLID_00934	K15772
BDKBJLID_00935	K01895
BDKBJLID_00936	K03149
BDKBJLID_00937	K00788
BDKBJLID_00937	K14153
BDKBJLID_00939	K00941
BDKBJLID_00941	K01868
BDKBJLID_00942	K02520
BDKBJLID_00943	K02916
BDKBJLID_00944	K02887
BDKBJLID_00945	K01889
BDKBJLID_00945	K01890
BDKBJLID_00946	K01889
BDKBJLID_00947	K02031
BDKBJLID_00947	K02032
BDKBJLID_00948	K02031
BDKBJLID_00948	K02032
BDKBJLID_00948	K02034
BDKBJLID_00948	K15583
BDKBJLID_00949	K01737
BDKBJLID_00952	K03711
BDKBJLID_00953	K02888
BDKBJLID_00954	K02899
BDKBJLID_00955	K03979
BDKBJLID_00956	K00931
BDKBJLID_00957	K00147
BDKBJLID_00957	K15515
BDKBJLID_00958	K00969
BDKBJLID_00958	K03574
BDKBJLID_00959	K00969
BDKBJLID_00959	K09710
BDKBJLID_00960	K19804
BDKBJLID_00961	K02242
BDKBJLID_00962	K03722
BDKBJLID_00966	K06890
BDKBJLID_00966	K19416
BDKBJLID_00967	K00826
BDKBJLID_00968	K02335
BDKBJLID_00971	K00859
BDKBJLID_00972	K00963
BDKBJLID_00973	K01338
BDKBJLID_00974	K00946
BDKBJLID_00975	K09928
BDKBJLID_00976	K03640
BDKBJLID_00977	K03640
BDKBJLID_00979	K12573
BDKBJLID_00983	K21929
BDKBJLID_00988	K00382
BDKBJLID_00988	K00520
BDKBJLID_00996	K02428
BDKBJLID_00996	K02499
BDKBJLID_00996	K04765
BDKBJLID_01003	K05802
BDKBJLID_01003	K22051
BDKBJLID_01004	K02837
BDKBJLID_01004	K07133
BDKBJLID_01005	K02837
BDKBJLID_01005	K07133
BDKBJLID_01006	K06187
BDKBJLID_01007	K09747
BDKBJLID_01008	K01885
BDKBJLID_01008	K02341
BDKBJLID_01008	K02343
BDKBJLID_01014	K07235
BDKBJLID_01015	K00392
BDKBJLID_01017	K09778
BDKBJLID_01018	K09778
BDKBJLID_01022	K07798
BDKBJLID_01023	K07787
BDKBJLID_01023	K15726
BDKBJLID_01024	K04100
BDKBJLID_01024	K15777
BDKBJLID_01025	K06204
BDKBJLID_01028	K01778
BDKBJLID_01031	K13730
BDKBJLID_01033	K07442
BDKBJLID_01039	K03406
BDKBJLID_01040	K03770
BDKBJLID_01040	K03771
BDKBJLID_01043	K00605
BDKBJLID_01044	K00605
BDKBJLID_01045	K02437
BDKBJLID_01046	K00281
BDKBJLID_01046	K00282
BDKBJLID_01047	K00283
BDKBJLID_01048	K03800
BDKBJLID_01052	K18979
BDKBJLID_01053	K10941
BDKBJLID_01055	K10942
BDKBJLID_01056	K10942
BDKBJLID_01057	K07713
BDKBJLID_01057	K07714
BDKBJLID_01057	K10943
BDKBJLID_01058	K02387
BDKBJLID_01059	K02388
BDKBJLID_01060	K02408
BDKBJLID_01061	K02409
BDKBJLID_01062	K02410
BDKBJLID_01063	K02411
BDKBJLID_01063	K03223
BDKBJLID_01064	K02412
BDKBJLID_01066	K02383
BDKBJLID_01067	K02414
BDKBJLID_01068	K02389
BDKBJLID_01069	K02390
BDKBJLID_01070	K02415
BDKBJLID_01071	K02417
BDKBJLID_01072	K02418
BDKBJLID_01073	K02419
BDKBJLID_01073	K03226
BDKBJLID_01074	K02420
BDKBJLID_01074	K03227
BDKBJLID_01075	K02421
BDKBJLID_01075	K13820
BDKBJLID_01076	K02401
BDKBJLID_01076	K04061
BDKBJLID_01076	K13820
BDKBJLID_01077	K02400
BDKBJLID_01078	K02404
BDKBJLID_01079	K02282
BDKBJLID_01079	K04562
BDKBJLID_01080	K02405
BDKBJLID_01080	K03093
BDKBJLID_01081	K00575
BDKBJLID_01083	K03407
BDKBJLID_01084	K03412
BDKBJLID_01085	K03406
BDKBJLID_01086	K03408
BDKBJLID_01086	K03415
BDKBJLID_01087	K02556
BDKBJLID_01088	K02557
BDKBJLID_01092	K02401
BDKBJLID_01092	K02556
BDKBJLID_01092	K03229
BDKBJLID_01092	K04061
BDKBJLID_01092	K13820
BDKBJLID_01093	K00059
BDKBJLID_01099	K10206
BDKBJLID_01099	K14261
BDKBJLID_01103	K03575
BDKBJLID_01108	K02050
BDKBJLID_01109	K02050
BDKBJLID_01110	K02049
BDKBJLID_01111	K02049
BDKBJLID_01113	K04096
BDKBJLID_01114	K03168
BDKBJLID_01115	K03168
BDKBJLID_01116	K04094
BDKBJLID_01117	K04094
BDKBJLID_01118	K03733
BDKBJLID_01118	K04763
BDKBJLID_01119	K01419
BDKBJLID_01120	K03667
BDKBJLID_01121	K00930
BDKBJLID_01121	K14682
BDKBJLID_01123	K01520
BDKBJLID_01123	K13038
BDKBJLID_01124	K07056
BDKBJLID_01125	K01918
BDKBJLID_01127	K21600
BDKBJLID_01128	K02656
BDKBJLID_01140	K02823
BDKBJLID_01140	K05368
BDKBJLID_01145	K07145
BDKBJLID_01145	K21481
BDKBJLID_01150	K04773
BDKBJLID_01152	K03551
BDKBJLID_01153	K03550
BDKBJLID_01154	K01159
BDKBJLID_01155	K04771
BDKBJLID_01157	K07638
BDKBJLID_01157	K07709
BDKBJLID_01158	K07638
BDKBJLID_01158	K07709
BDKBJLID_01160	K01091
BDKBJLID_01160	K01838
BDKBJLID_01164	K06039
BDKBJLID_01165	K07236
BDKBJLID_01167	K02034
BDKBJLID_01167	K15582
BDKBJLID_01167	K16201
BDKBJLID_01168	K02034
BDKBJLID_01168	K15582
BDKBJLID_01168	K16201
BDKBJLID_01169	K02033
BDKBJLID_01169	K15581
BDKBJLID_01171	K01739
BDKBJLID_01171	K01760
BDKBJLID_01171	K01761
BDKBJLID_01174	K03320
BDKBJLID_01175	K02589
BDKBJLID_01175	K02590
BDKBJLID_01175	K04751
BDKBJLID_01175	K04752
BDKBJLID_01176	K03320
BDKBJLID_01177	K01533
BDKBJLID_01177	K17686
BDKBJLID_01179	K03620
BDKBJLID_01181	K06131
BDKBJLID_01181	K17717
BDKBJLID_01182	K03671
BDKBJLID_01182	K03672
BDKBJLID_01183	K01256
BDKBJLID_01183	K08776
BDKBJLID_01184	K06966
BDKBJLID_01185	K09771
BDKBJLID_01186	K03702
BDKBJLID_01186	K08999
BDKBJLID_01187	K03702
BDKBJLID_01187	K08999
BDKBJLID_01189	K03892
BDKBJLID_01189	K07721
BDKBJLID_01189	K22042
BDKBJLID_01189	K22491
BDKBJLID_01195	K13953
BDKBJLID_01200	K03564
BDKBJLID_01201	K13527
BDKBJLID_01202	K13527
BDKBJLID_01203	K13571
BDKBJLID_01203	K20814
BDKBJLID_01205	K03433
BDKBJLID_01206	K03432
BDKBJLID_01207	K13571
BDKBJLID_01208	K13571
BDKBJLID_01212	K07301
BDKBJLID_01216	K10674
BDKBJLID_01217	K06720
BDKBJLID_01218	K00836
BDKBJLID_01219	K06718
BDKBJLID_01220	K03762
BDKBJLID_01221	K03762
BDKBJLID_01228	K07337
BDKBJLID_01228	K21008
BDKBJLID_01229	K09859
BDKBJLID_01230	K00525
BDKBJLID_01232	K00826
BDKBJLID_01232	K02619
BDKBJLID_01233	K01665
BDKBJLID_01233	K03342
BDKBJLID_01233	K13503
BDKBJLID_01233	K13950
BDKBJLID_01238	K04075
BDKBJLID_01238	K21947
BDKBJLID_01239	K03154
BDKBJLID_01243	K03980
BDKBJLID_01244	K02968
BDKBJLID_01245	K02340
BDKBJLID_01247	K01869
BDKBJLID_01249	K04763
BDKBJLID_01252	K02316
BDKBJLID_01253	K06919
BDKBJLID_01262	K03316
BDKBJLID_01263	K04748
BDKBJLID_01263	K09882
BDKBJLID_01264	K07263
BDKBJLID_01265	K07263
BDKBJLID_01268	K06940
BDKBJLID_01269	K03665
BDKBJLID_01273	K01875
BDKBJLID_01274	K06910
BDKBJLID_01275	K13924
BDKBJLID_01277	K07100
BDKBJLID_01279	K07493
BDKBJLID_01280	K00057
BDKBJLID_01280	K07175
BDKBJLID_01281	K03593
BDKBJLID_01282	K06173
BDKBJLID_01284	K03593
BDKBJLID_01285	K03593
BDKBJLID_01288	K04755
BDKBJLID_01289	K04043
BDKBJLID_01289	K04044
BDKBJLID_01290	K04082
BDKBJLID_01290	K05801
BDKBJLID_01291	K13628
BDKBJLID_01292	K04488
BDKBJLID_01293	K04487
BDKBJLID_01297	K03699
BDKBJLID_01297	K06189
BDKBJLID_01299	K00394
BDKBJLID_01300	K00395
BDKBJLID_01301	K00958
BDKBJLID_01301	K13811
BDKBJLID_01302	K07729
BDKBJLID_01305	K03446
BDKBJLID_01306	K03446
BDKBJLID_01311	K10941
BDKBJLID_01312	K00425
BDKBJLID_01313	K00426
BDKBJLID_01315	K17218
BDKBJLID_01319	K06610
BDKBJLID_01319	K08162
BDKBJLID_01321	K02843
BDKBJLID_01321	K02849
BDKBJLID_01324	K03294
BDKBJLID_01328	K01548
BDKBJLID_01329	K01546
BDKBJLID_01330	K01547
BDKBJLID_01339	K00020
BDKBJLID_01340	K03564
BDKBJLID_01341	K07223
BDKBJLID_01342	K01740
BDKBJLID_01342	K06929
BDKBJLID_01343	K00113
BDKBJLID_01343	K00176
BDKBJLID_01343	K05524
BDKBJLID_01343	K13795
BDKBJLID_01343	K13796
BDKBJLID_01345	K04487
BDKBJLID_01346	K00329
BDKBJLID_01346	K00356
BDKBJLID_01347	K00329
BDKBJLID_01347	K00356
BDKBJLID_01351	K03676
BDKBJLID_01351	K06191
BDKBJLID_01351	K07390
BDKBJLID_01352	K04748
BDKBJLID_01352	K09882
BDKBJLID_01354	K03598
BDKBJLID_01355	K07304
BDKBJLID_01357	K21023
BDKBJLID_01364	K01704
BDKBJLID_01365	K01703
BDKBJLID_01366	K01710
BDKBJLID_01367	K00973
BDKBJLID_01368	K01790
BDKBJLID_01369	K03762
BDKBJLID_01371	K03406
BDKBJLID_01372	K08296
BDKBJLID_01373	K01580
BDKBJLID_01374	K01236
BDKBJLID_01375	K00705
BDKBJLID_01375	K06044
BDKBJLID_01376	K05343
BDKBJLID_01377	K05343
BDKBJLID_01381	K20971
BDKBJLID_01383	K16147
BDKBJLID_01384	K00700
BDKBJLID_01384	K05343
BDKBJLID_01384	K16146
BDKBJLID_01385	K13953
BDKBJLID_01385	K13979
BDKBJLID_01388	K02660
BDKBJLID_01389	K02660
BDKBJLID_01390	K01812
BDKBJLID_01390	K02529
BDKBJLID_01390	K16210
BDKBJLID_01392	K13816
BDKBJLID_01395	K07814
BDKBJLID_01395	K13815
BDKBJLID_01396	K20276
BDKBJLID_01403	K02022
BDKBJLID_01403	K06147
BDKBJLID_01403	K06148
BDKBJLID_01406	K20444
BDKBJLID_01408	K20444
BDKBJLID_01409	K20444
BDKBJLID_01410	K16650
BDKBJLID_01411	K20951
BDKBJLID_01411	K20952
BDKBJLID_01412	K20951
BDKBJLID_01412	K20952
BDKBJLID_01413	K02481
BDKBJLID_01414	K02123
BDKBJLID_01416	K00963
BDKBJLID_01421	K18814
BDKBJLID_01423	K00754
BDKBJLID_01424	K00786
BDKBJLID_01428	K01991
BDKBJLID_01428	K20988
BDKBJLID_01430	K16554
BDKBJLID_01430	K16692
BDKBJLID_01435	K03088
BDKBJLID_01437	K00520
BDKBJLID_01438	K08365
BDKBJLID_01438	K19591
BDKBJLID_01442	K06223
BDKBJLID_01442	K07318
BDKBJLID_01443	K01854
BDKBJLID_01444	K08679
BDKBJLID_01445	K07452
BDKBJLID_01446	K02481
BDKBJLID_01447	K00820
BDKBJLID_01448	K02474
BDKBJLID_01448	K13015
BDKBJLID_01450	K01784
BDKBJLID_01450	K02473
BDKBJLID_01451	K02481
BDKBJLID_01452	K01104
BDKBJLID_01453	K13243
BDKBJLID_01453	K21023
BDKBJLID_01456	K15231
BDKBJLID_01456	K15232
BDKBJLID_01457	K01902
BDKBJLID_01457	K15230
BDKBJLID_01457	K15233
BDKBJLID_01459	K01681
BDKBJLID_01460	K01647
BDKBJLID_01460	K15234
BDKBJLID_01463	K00239
BDKBJLID_01463	K00244
BDKBJLID_01463	K00278
BDKBJLID_01464	K01903
BDKBJLID_01465	K01902
BDKBJLID_01465	K02381
BDKBJLID_01466	K03564
BDKBJLID_01469	K03925
BDKBJLID_01470	K03438
BDKBJLID_01472	K03587
BDKBJLID_01472	K08384
BDKBJLID_01472	K08724
BDKBJLID_01472	K12552
BDKBJLID_01472	K12556
BDKBJLID_01473	K03587
BDKBJLID_01473	K08384
BDKBJLID_01473	K08724
BDKBJLID_01473	K12552
BDKBJLID_01473	K12556
BDKBJLID_01474	K01928
BDKBJLID_01474	K15792
BDKBJLID_01475	K01929
BDKBJLID_01476	K01000
BDKBJLID_01477	K01925
BDKBJLID_01478	K02563
BDKBJLID_01478	K03588
BDKBJLID_01479	K02563
BDKBJLID_01480	K01924
BDKBJLID_01481	K00075
BDKBJLID_01482	K01921
BDKBJLID_01484	K03590
BDKBJLID_01485	K03531
BDKBJLID_01486	K05810
BDKBJLID_01487	K06997
BDKBJLID_01488	K00286
BDKBJLID_01489	K02221
BDKBJLID_01490	K04074
BDKBJLID_01490	K06997
BDKBJLID_01493	K07488
BDKBJLID_01494	K06045
BDKBJLID_01496	K07126
BDKBJLID_01496	K07277
BDKBJLID_01498	K00091
BDKBJLID_01499	K00945
BDKBJLID_01499	K02945
BDKBJLID_01499	K03527
BDKBJLID_01501	K00720
BDKBJLID_01502	K08978
BDKBJLID_01502	K12962
BDKBJLID_01503	K22502
BDKBJLID_01504	K02006
BDKBJLID_01504	K03794
BDKBJLID_01504	K03795
BDKBJLID_01505	K01599
BDKBJLID_01506	K02495
BDKBJLID_01517	K02314
BDKBJLID_01518	K06919
BDKBJLID_01522	K00789
BDKBJLID_01523	K01251
BDKBJLID_01524	K03154
BDKBJLID_01525	K01738
BDKBJLID_01526	K21029
BDKBJLID_01527	K01733
BDKBJLID_01528	K03636
BDKBJLID_01528	K21147
BDKBJLID_01529	K02071
BDKBJLID_01530	K21029
BDKBJLID_01531	K21140
BDKBJLID_01533	K07636
BDKBJLID_01533	K07652
BDKBJLID_01534	K01784
BDKBJLID_01535	K01151
BDKBJLID_01536	K02066
BDKBJLID_01537	K02065
BDKBJLID_01538	K02067
BDKBJLID_01539	K07098
BDKBJLID_01542	K00097
BDKBJLID_01542	K22024
BDKBJLID_01544	K03701
BDKBJLID_01545	K03634
BDKBJLID_01545	K14166
BDKBJLID_01546	K03466
BDKBJLID_01547	K12574
BDKBJLID_01548	K00561
BDKBJLID_01548	K02528
BDKBJLID_01549	K03832
BDKBJLID_01550	K08309
BDKBJLID_01554	K07478
BDKBJLID_01555	K18682
BDKBJLID_01556	K02029
BDKBJLID_01556	K02030
BDKBJLID_01556	K09769
BDKBJLID_01557	K03601
BDKBJLID_01558	K03602
BDKBJLID_01559	K00795
BDKBJLID_01559	K02523
BDKBJLID_01559	K13789
BDKBJLID_01560	K01662
BDKBJLID_01561	K06442
BDKBJLID_01562	K01710
BDKBJLID_01562	K01784
BDKBJLID_01562	K08678
BDKBJLID_01562	K08679
BDKBJLID_01563	K01733
BDKBJLID_01563	K03926
BDKBJLID_01564	K21471
BDKBJLID_01565	K03070
BDKBJLID_01566	K00330
BDKBJLID_01567	K00331
BDKBJLID_01568	K00332
BDKBJLID_01569	K00333
BDKBJLID_01569	K13378
BDKBJLID_01570	K00334
BDKBJLID_01571	K00335
BDKBJLID_01571	K18331
BDKBJLID_01572	K00335
BDKBJLID_01572	K18331
BDKBJLID_01573	K00123
BDKBJLID_01573	K00184
BDKBJLID_01573	K00335
BDKBJLID_01573	K00336
BDKBJLID_01573	K05299
BDKBJLID_01573	K18006
BDKBJLID_01573	K18332
BDKBJLID_01574	K00337
BDKBJLID_01575	K00338
BDKBJLID_01575	K02573
BDKBJLID_01575	K03941
BDKBJLID_01576	K00339
BDKBJLID_01577	K00340
BDKBJLID_01577	K05576
BDKBJLID_01578	K00341
BDKBJLID_01579	K00342
BDKBJLID_01580	K00343
BDKBJLID_01581	K01356
BDKBJLID_01583	K03320
BDKBJLID_01584	K04751
BDKBJLID_01584	K04752
BDKBJLID_01586	K00318
BDKBJLID_01590	K03414
BDKBJLID_01592	K09930
BDKBJLID_01597	K02460
BDKBJLID_01598	K02462
BDKBJLID_01601	K02456
BDKBJLID_01602	K02455
BDKBJLID_01602	K02653
BDKBJLID_01603	K02454
BDKBJLID_01603	K02652
BDKBJLID_01604	K02453
BDKBJLID_01604	K03219
BDKBJLID_01605	K02452
BDKBJLID_01605	K02463
BDKBJLID_01610	K02634
BDKBJLID_01610	K19713
BDKBJLID_01611	K02634
BDKBJLID_01611	K19713
BDKBJLID_01612	K02275
BDKBJLID_01619	K00694
BDKBJLID_01620	K00694
BDKBJLID_01621	K02275
BDKBJLID_01622	K02634
BDKBJLID_01622	K19713
BDKBJLID_01623	K02336
BDKBJLID_01623	K06877
BDKBJLID_01626	K01356
BDKBJLID_01627	K01810
BDKBJLID_01628	K01560
BDKBJLID_01628	K07025
BDKBJLID_01632	K07285
BDKBJLID_01633	K08364
BDKBJLID_01634	K03893
BDKBJLID_01635	K03741
BDKBJLID_01640	K07243
BDKBJLID_01641	K07576
BDKBJLID_01642	K00655
BDKBJLID_01642	K01897
BDKBJLID_01644	K13771
BDKBJLID_01647	K00406
BDKBJLID_01647	K12263
BDKBJLID_01648	K05710
BDKBJLID_01649	K05916
BDKBJLID_01650	K01835
BDKBJLID_01650	K01840
BDKBJLID_01650	K15778
BDKBJLID_01651	K00971
BDKBJLID_01651	K01840
BDKBJLID_01651	K16011
BDKBJLID_01655	K03595
BDKBJLID_01656	K03595
BDKBJLID_01657	K03474
BDKBJLID_01657	K03584
BDKBJLID_01659	K02040
BDKBJLID_01659	K03074
BDKBJLID_01659	K20541
BDKBJLID_01660	K00571
BDKBJLID_01660	K06969
BDKBJLID_01661	K06207
BDKBJLID_01662	K01802
BDKBJLID_01662	K03767
BDKBJLID_01662	K03768
BDKBJLID_01663	K03801
BDKBJLID_01663	K06167
BDKBJLID_01664	K00197
BDKBJLID_01664	K00544
BDKBJLID_01664	K00548
BDKBJLID_01664	K15023
BDKBJLID_01665	K00548
BDKBJLID_01666	K03147
BDKBJLID_01667	K03695
BDKBJLID_01668	K03695
BDKBJLID_01669	K03703
BDKBJLID_01671	K00014
BDKBJLID_01671	K00244
BDKBJLID_01671	K00259
BDKBJLID_01671	K05887
BDKBJLID_01671	K10714
BDKBJLID_01671	K13832
BDKBJLID_01671	K16182
BDKBJLID_01672	K03110
BDKBJLID_01673	K01489
BDKBJLID_01673	K03474
BDKBJLID_01673	K03595
BDKBJLID_01673	K07042
BDKBJLID_01674	K07037
BDKBJLID_01675	K06217
BDKBJLID_01676	K03322
BDKBJLID_01677	K02654
BDKBJLID_01682	K03407
BDKBJLID_01682	K03408
BDKBJLID_01682	K03415
BDKBJLID_01684	K09748
BDKBJLID_01685	K02600
BDKBJLID_01686	K02519
BDKBJLID_01687	K09764
BDKBJLID_01688	K02834
BDKBJLID_01689	K03177
BDKBJLID_01690	K02956
BDKBJLID_01691	K00962
BDKBJLID_01694	K03474
BDKBJLID_01695	K00997
BDKBJLID_01695	K01207
BDKBJLID_01696	K17758
BDKBJLID_01696	K17759
BDKBJLID_01697	K21929
BDKBJLID_01699	K03555
BDKBJLID_01702	K00208
BDKBJLID_01703	K02636
BDKBJLID_01703	K03886
BDKBJLID_01704	K00412
BDKBJLID_01704	K03888
BDKBJLID_01708	K03655
BDKBJLID_01710	K01524
BDKBJLID_01712	K00974
BDKBJLID_01714	K03296
BDKBJLID_01716	K02076
BDKBJLID_01716	K03711
BDKBJLID_01718	K22205
BDKBJLID_01720	K02945
BDKBJLID_01720	K03527
BDKBJLID_01721	K04773
BDKBJLID_01722	K03530
BDKBJLID_01722	K05788
BDKBJLID_01723	K03106
BDKBJLID_01724	K02959
BDKBJLID_01725	K06960
BDKBJLID_01726	K00554
BDKBJLID_01726	K01770
BDKBJLID_01727	K02884
BDKBJLID_01728	K03470
BDKBJLID_01729	K09811
BDKBJLID_01729	K09812
BDKBJLID_01730	K21471
BDKBJLID_01731	K03797
BDKBJLID_01732	K04078
BDKBJLID_01733	K04077
BDKBJLID_01734	K03671
BDKBJLID_01734	K05838
BDKBJLID_01735	K03631
BDKBJLID_01736	K09118
BDKBJLID_01737	K01582
BDKBJLID_01737	K01585
BDKBJLID_01738	K00797
BDKBJLID_01740	K01611
BDKBJLID_01744	K01095
BDKBJLID_01745	K03553
BDKBJLID_01746	K01872
BDKBJLID_01748	K07447
BDKBJLID_01749	K07082
BDKBJLID_01750	K01873
BDKBJLID_01751	K00767
BDKBJLID_01751	K03813
BDKBJLID_01752	K00767
BDKBJLID_01752	K03813
BDKBJLID_01753	K03524
BDKBJLID_01754	K01947
BDKBJLID_01754	K03525
BDKBJLID_01756	K02660
BDKBJLID_01757	K07493
BDKBJLID_01758	K01993
BDKBJLID_01758	K03543
BDKBJLID_01759	K12340
BDKBJLID_01760	K00024
BDKBJLID_01762	K09774
BDKBJLID_01763	K01990
BDKBJLID_01763	K06861
BDKBJLID_01764	K03092
BDKBJLID_01765	K05808
BDKBJLID_01766	K06958
BDKBJLID_01768	K01736
BDKBJLID_01769	K00891
BDKBJLID_01769	K13829
BDKBJLID_01770	K01735
BDKBJLID_01770	K13829
BDKBJLID_01771	K01735
BDKBJLID_01771	K13829
BDKBJLID_01772	K01768
BDKBJLID_01772	K02584
BDKBJLID_01776	K09457
BDKBJLID_01777	K07494
BDKBJLID_01780	K03561
BDKBJLID_01780	K03562
BDKBJLID_01781	K03559
BDKBJLID_01781	K03560
BDKBJLID_01782	K03641
BDKBJLID_01784	K00558
BDKBJLID_01784	K03572
BDKBJLID_01785	K00791
BDKBJLID_01786	K00772
BDKBJLID_01787	K00772
BDKBJLID_01788	K00852
BDKBJLID_01788	K00856
BDKBJLID_01789	K02656
BDKBJLID_01790	K15539
BDKBJLID_01802	K07810
BDKBJLID_01803	K07787
BDKBJLID_01803	K15726
BDKBJLID_01804	K07798
BDKBJLID_01805	K15725
BDKBJLID_01809	K09958
BDKBJLID_01810	K08259
BDKBJLID_01810	K21471
BDKBJLID_01811	K03696
BDKBJLID_01812	K01409
BDKBJLID_01812	K03070
BDKBJLID_01813	K01409
BDKBJLID_01813	K03070
BDKBJLID_01814	K01887
BDKBJLID_01815	K00773
BDKBJLID_01817	K03072
BDKBJLID_01817	K12257
BDKBJLID_01818	K03072
BDKBJLID_01818	K03074
BDKBJLID_01818	K12257
BDKBJLID_01819	K07462
BDKBJLID_01820	K00951
BDKBJLID_01821	K02380
BDKBJLID_01824	K21449
BDKBJLID_01825	K01993
BDKBJLID_01825	K03543
BDKBJLID_01826	K03446
BDKBJLID_01827	K12340
BDKBJLID_01828	K03543
BDKBJLID_01829	K03446
BDKBJLID_01830	K03705
BDKBJLID_01831	K03687
BDKBJLID_01832	K04043
BDKBJLID_01833	K03686
BDKBJLID_01834	K09761
BDKBJLID_01836	K00569
BDKBJLID_01837	K00768
BDKBJLID_01837	K02231
BDKBJLID_01838	K00768
BDKBJLID_01839	K02233
BDKBJLID_01843	K07235
BDKBJLID_01846	K02226
BDKBJLID_01847	K02224
BDKBJLID_01848	K02006
BDKBJLID_01848	K06042
BDKBJLID_01849	K00030
BDKBJLID_01849	K00031
BDKBJLID_01850	K00030
BDKBJLID_01855	K20533
BDKBJLID_01857	K03204
BDKBJLID_01857	K20532
BDKBJLID_01858	K20531
BDKBJLID_01861	K20530
BDKBJLID_01862	K20529
BDKBJLID_01862	K20530
BDKBJLID_01864	K20527
BDKBJLID_01868	K03820
BDKBJLID_01870	K06223
BDKBJLID_01870	K07318
BDKBJLID_01875	K02342
BDKBJLID_01875	K10857
BDKBJLID_01875	K13288
BDKBJLID_01895	K03630
BDKBJLID_01896	K07496
BDKBJLID_01902	K08306
BDKBJLID_01902	K08308
BDKBJLID_01902	K08309
BDKBJLID_01905	K01144
BDKBJLID_01905	K03581
BDKBJLID_01912	K07496
BDKBJLID_01918	K00571
BDKBJLID_01918	K00590
BDKBJLID_01919	K00558
BDKBJLID_01925	K00525
BDKBJLID_01930	K21449
BDKBJLID_01935	K03111
BDKBJLID_01937	K06952
BDKBJLID_01937	K07023
BDKBJLID_01938	K02453
BDKBJLID_01938	K03219
BDKBJLID_01939	K07154
BDKBJLID_01945	K21088
BDKBJLID_01946	K00943
BDKBJLID_01960	K06871
BDKBJLID_01962	K06871
BDKBJLID_01965	K06871
BDKBJLID_01967	K06871
BDKBJLID_01968	K07496
BDKBJLID_01969	K02314
BDKBJLID_01976	K02455
BDKBJLID_01976	K02653
BDKBJLID_01977	K02669
BDKBJLID_01982	K02652
BDKBJLID_01989	K03205
BDKBJLID_01990	K03205
BDKBJLID_01992	K07012
BDKBJLID_01992	K19123
BDKBJLID_01993	K19123
BDKBJLID_01994	K19046
BDKBJLID_01995	K19126
BDKBJLID_01996	K19124
BDKBJLID_01997	K19125
BDKBJLID_01998	K15342
BDKBJLID_02006	K00013
BDKBJLID_02006	K00548
BDKBJLID_02006	K00942
BDKBJLID_02006	K01153
BDKBJLID_02006	K01869
BDKBJLID_02006	K02500
BDKBJLID_02006	K03427
BDKBJLID_02006	K03469
BDKBJLID_02006	K03524
BDKBJLID_02006	K03578
BDKBJLID_02006	K04066
BDKBJLID_02006	K04568
BDKBJLID_02006	K07316
BDKBJLID_02006	K11942
BDKBJLID_02010	K02464
BDKBJLID_02010	K02654
BDKBJLID_02014	K08365
BDKBJLID_02014	K13638
BDKBJLID_02014	K19591
BDKBJLID_02015	K19058
BDKBJLID_02016	K00520
BDKBJLID_02021	K02588
BDKBJLID_02022	K02586
BDKBJLID_02023	K02591
BDKBJLID_02024	K02587
BDKBJLID_02024	K02592
BDKBJLID_02025	K02587
BDKBJLID_02025	K02592
BDKBJLID_02026	K02596
BDKBJLID_02028	K02585
BDKBJLID_02028	K02592
BDKBJLID_02029	K03522
BDKBJLID_02029	K05337
BDKBJLID_02030	K13628
BDKBJLID_02030	K15724
BDKBJLID_02030	K22063
BDKBJLID_02033	K04487
BDKBJLID_02034	K13010
BDKBJLID_02036	K02597
BDKBJLID_02038	K02593
BDKBJLID_02042	K03616
BDKBJLID_02043	K02595
BDKBJLID_02044	K02589
BDKBJLID_02044	K02590
BDKBJLID_02044	K04751
BDKBJLID_02044	K04752
BDKBJLID_02045	K02589
BDKBJLID_02045	K02590
BDKBJLID_02045	K04751
BDKBJLID_02045	K04752
BDKBJLID_02046	K07183
BDKBJLID_02046	K22010
BDKBJLID_02048	K02594
BDKBJLID_02049	K21029
BDKBJLID_02050	K02018
BDKBJLID_02050	K02020
BDKBJLID_02051	K02018
BDKBJLID_02051	K15496
BDKBJLID_02052	K02017
BDKBJLID_02054	K03635
BDKBJLID_02054	K03831
BDKBJLID_02054	K09121
BDKBJLID_02055	K03637
BDKBJLID_02056	K03750
BDKBJLID_02056	K07219
BDKBJLID_02057	K03635
BDKBJLID_02057	K21147
BDKBJLID_02059	K03639
BDKBJLID_02059	K20967
BDKBJLID_02060	K02589
BDKBJLID_02060	K02590
BDKBJLID_02060	K04751
BDKBJLID_02060	K04752
BDKBJLID_02061	K00362
BDKBJLID_02061	K00366
BDKBJLID_02061	K00381
BDKBJLID_02061	K00392
BDKBJLID_02062	K02575
BDKBJLID_02063	K02589
BDKBJLID_02063	K02590
BDKBJLID_02063	K04751
BDKBJLID_02063	K04752
BDKBJLID_02064	K02589
BDKBJLID_02064	K02590
BDKBJLID_02064	K04751
BDKBJLID_02064	K04752
BDKBJLID_02066	K07334
BDKBJLID_02067	K21498
BDKBJLID_02070	K07496
BDKBJLID_02072	K21498
BDKBJLID_02073	K07714
BDKBJLID_02074	K02003
BDKBJLID_02074	K02484
BDKBJLID_02074	K07708
BDKBJLID_02074	K13924
BDKBJLID_02074	K14986
BDKBJLID_02075	K07566
BDKBJLID_02076	K01687
BDKBJLID_02078	K09822
BDKBJLID_02079	K00341
BDKBJLID_02079	K05577
BDKBJLID_02079	K09822
BDKBJLID_02083	K00817
BDKBJLID_02085	K16066
BDKBJLID_02090	K06910
BDKBJLID_02100	K07782
BDKBJLID_02100	K15852
BDKBJLID_02100	K19734
BDKBJLID_02100	K20334
BDKBJLID_02101	K21012
BDKBJLID_02102	K21011
BDKBJLID_02102	K21012
BDKBJLID_02104	K21009
BDKBJLID_02105	K21006
BDKBJLID_02106	K21008
BDKBJLID_02107	K20543
BDKBJLID_02108	K20543
BDKBJLID_02109	K01884
BDKBJLID_02109	K21006
BDKBJLID_02110	K01884
BDKBJLID_02110	K21006
BDKBJLID_02112	K06996
BDKBJLID_02113	K01687
BDKBJLID_02113	K16786
BDKBJLID_02115	K07154
BDKBJLID_02116	K15773
BDKBJLID_02126	K19166
BDKBJLID_02127	K18831
BDKBJLID_02128	K07133
BDKBJLID_02131	K15520
BDKBJLID_02134	K07491
BDKBJLID_02141	K07038
BDKBJLID_02144	K03686
BDKBJLID_02145	K07171
BDKBJLID_02146	K03088
BDKBJLID_02147	K00574
BDKBJLID_02147	K07755
BDKBJLID_02151	K07277
BDKBJLID_02152	K06142
BDKBJLID_02153	K02536
BDKBJLID_02154	K02372
BDKBJLID_02154	K16363
BDKBJLID_02155	K00677
BDKBJLID_02156	K00748
BDKBJLID_02156	K09949
BDKBJLID_02157	K09949
BDKBJLID_02158	K00748
BDKBJLID_02160	K02021
BDKBJLID_02160	K06147
BDKBJLID_02160	K11085
BDKBJLID_02161	K02527
BDKBJLID_02162	K00912
BDKBJLID_02163	K02517
BDKBJLID_02164	K02843
BDKBJLID_02164	K02849
BDKBJLID_02165	K02527
BDKBJLID_02165	K02841
BDKBJLID_02165	K02843
BDKBJLID_02165	K12982
BDKBJLID_02166	K02841
BDKBJLID_02166	K02843
BDKBJLID_02166	K12982
BDKBJLID_02167	K12984
BDKBJLID_02169	K20444
BDKBJLID_02172	K02841
BDKBJLID_02172	K02843
BDKBJLID_02172	K02849
BDKBJLID_02173	K01089
BDKBJLID_02173	K01929
BDKBJLID_02173	K03271
BDKBJLID_02173	K03273
BDKBJLID_02173	K15669
BDKBJLID_02174	K00912
BDKBJLID_02174	K09791
BDKBJLID_02175	K02843
BDKBJLID_02175	K02849
BDKBJLID_02176	K02843
BDKBJLID_02176	K02849
BDKBJLID_02178	K00754
BDKBJLID_02182	K00833
BDKBJLID_02182	K19563
BDKBJLID_02183	K07001
BDKBJLID_02184	K02847
BDKBJLID_02184	K18814
BDKBJLID_02186	K00554
BDKBJLID_02186	K00991
BDKBJLID_02186	K01770
BDKBJLID_02186	K12506
BDKBJLID_02186	K21681
BDKBJLID_02187	K00640
BDKBJLID_02188	K01096
BDKBJLID_02188	K19302
BDKBJLID_02189	K00721
BDKBJLID_02190	K02843
BDKBJLID_02191	K02843
BDKBJLID_02192	K00721
BDKBJLID_02193	K00721
BDKBJLID_02194	K00602
BDKBJLID_02195	K01945
BDKBJLID_02196	K01104
BDKBJLID_02196	K07566
BDKBJLID_02198	K08316
BDKBJLID_02199	K00954
BDKBJLID_02200	K00812
BDKBJLID_02200	K22457
BDKBJLID_02201	K09810
BDKBJLID_02202	K02004
BDKBJLID_02202	K09808
BDKBJLID_02203	K04567
BDKBJLID_02204	K08963
BDKBJLID_02205	K00705
BDKBJLID_02206	K01772
BDKBJLID_02207	K11720
BDKBJLID_02208	K07091
BDKBJLID_02208	K11720
BDKBJLID_02209	K06168
BDKBJLID_02214	K10206
BDKBJLID_02214	K14261
BDKBJLID_02215	K10206
BDKBJLID_02215	K14261
BDKBJLID_02217	K00003
BDKBJLID_02218	K01733
BDKBJLID_02219	K15635
BDKBJLID_02220	K00928
BDKBJLID_02220	K12524
BDKBJLID_02221	K01649
BDKBJLID_02222	K00677
BDKBJLID_02223	K04764
BDKBJLID_02223	K05788
BDKBJLID_02225	K00573
BDKBJLID_02226	K01883
BDKBJLID_02226	K15526
BDKBJLID_02227	K03218
BDKBJLID_02229	K01916
BDKBJLID_02229	K01950
BDKBJLID_02230	K01497
BDKBJLID_02230	K02858
BDKBJLID_02230	K14652
BDKBJLID_02231	K00794
BDKBJLID_02232	K03625
BDKBJLID_02234	K01756
BDKBJLID_02235	K01587
BDKBJLID_02235	K01756
BDKBJLID_02235	K01923
BDKBJLID_02236	K01923
BDKBJLID_02236	K01952
BDKBJLID_02238	K01424
BDKBJLID_02238	K13051
BDKBJLID_02240	K00925
BDKBJLID_02242	K02014
BDKBJLID_02243	K01179
BDKBJLID_02243	K03110
BDKBJLID_02243	K03832
BDKBJLID_02243	K21471
BDKBJLID_02244	K03559
BDKBJLID_02245	K03561
BDKBJLID_02246	K01992
BDKBJLID_02247	K01992
BDKBJLID_02248	K01990
BDKBJLID_02249	K01993
BDKBJLID_02250	K12340
BDKBJLID_02251	K08738
BDKBJLID_02252	K01621
BDKBJLID_02253	K11645
BDKBJLID_02254	K00382
BDKBJLID_02255	K00382
BDKBJLID_02257	K00688
BDKBJLID_02257	K00691
BDKBJLID_02258	K01835
BDKBJLID_02259	K01835
BDKBJLID_02261	K00404
BDKBJLID_02263	K03446
BDKBJLID_02265	K06020
BDKBJLID_02272	K03547
BDKBJLID_02273	K06877
BDKBJLID_02273	K07451
BDKBJLID_02274	K03640
BDKBJLID_02274	K12216
BDKBJLID_02276	K07126
BDKBJLID_02276	K21217
BDKBJLID_02277	K04771
BDKBJLID_02293	K07487
BDKBJLID_02295	K03321
BDKBJLID_02297	K21907
BDKBJLID_02300	K01448
BDKBJLID_02303	K01999
BDKBJLID_02304	K06402
BDKBJLID_02305	K01867
BDKBJLID_02306	K01962
BDKBJLID_02306	K01963
BDKBJLID_02307	K02337
BDKBJLID_02308	K03657
BDKBJLID_02316	K00335
BDKBJLID_02316	K15022
BDKBJLID_02316	K18331
BDKBJLID_02317	K01142
BDKBJLID_02317	K10773
BDKBJLID_02318	K06204
BDKBJLID_02319	K03438
BDKBJLID_02319	K13292
BDKBJLID_02320	K03406
BDKBJLID_02323	K15383
BDKBJLID_02325	K02004
BDKBJLID_02326	K02003
BDKBJLID_02327	K00020
BDKBJLID_02327	K00042
BDKBJLID_02330	K12063
BDKBJLID_02334	K03204
BDKBJLID_02336	K03924
BDKBJLID_02339	K03733
BDKBJLID_02339	K04763
BDKBJLID_02342	K00362
BDKBJLID_02342	K00366
BDKBJLID_02342	K00392
BDKBJLID_02344	K03594
BDKBJLID_02344	K03921
BDKBJLID_02345	K00703
BDKBJLID_02346	K07496
BDKBJLID_02348	K10914
BDKBJLID_02348	K21564
BDKBJLID_02349	K08307
BDKBJLID_02349	K12204
BDKBJLID_02350	K15539
BDKBJLID_02352	K00335
BDKBJLID_02353	K01588
BDKBJLID_02354	K01589
BDKBJLID_02357	K01768
BDKBJLID_02357	K03406
BDKBJLID_02357	K11617
BDKBJLID_02358	K21009
BDKBJLID_02365	K02067
BDKBJLID_02366	K02065
BDKBJLID_02367	K02066
BDKBJLID_02370	K03704
BDKBJLID_02371	K02246
BDKBJLID_02371	K02247
BDKBJLID_02371	K02456
BDKBJLID_02371	K02457
BDKBJLID_02371	K02458
BDKBJLID_02371	K10924
BDKBJLID_02372	K02458
BDKBJLID_02373	K02457
BDKBJLID_02373	K02458
BDKBJLID_02373	K02459
BDKBJLID_02373	K02655
BDKBJLID_02373	K10926
BDKBJLID_02374	K02314
BDKBJLID_02375	K00765
BDKBJLID_02375	K01892
BDKBJLID_02375	K02502
BDKBJLID_02376	K00058
BDKBJLID_02378	K02035
BDKBJLID_02378	K15580
BDKBJLID_02384	K01951
BDKBJLID_02385	K07787
BDKBJLID_02385	K15726
BDKBJLID_02386	K07798
BDKBJLID_02386	K15727
BDKBJLID_02387	K01866
BDKBJLID_02390	K00940
BDKBJLID_02391	K07027
BDKBJLID_02392	K01710
BDKBJLID_02392	K08678
BDKBJLID_02394	K06206
BDKBJLID_02395	K00012
BDKBJLID_02396	K03153
BDKBJLID_02398	K00405
BDKBJLID_02400	K01713
BDKBJLID_02400	K04518
BDKBJLID_02400	K14170
BDKBJLID_02400	K14187
BDKBJLID_02401	K03856
BDKBJLID_02402	K00210
BDKBJLID_02402	K00220
BDKBJLID_02402	K04517
BDKBJLID_02403	K00800
BDKBJLID_02404	K00800
BDKBJLID_02404	K00945
BDKBJLID_02404	K02945
BDKBJLID_02404	K03527
BDKBJLID_02404	K03977
BDKBJLID_02404	K11753
BDKBJLID_02404	K13799
BDKBJLID_02405	K00655
BDKBJLID_02405	K00945
BDKBJLID_02408	K01934
BDKBJLID_02409	K00950
BDKBJLID_02409	K01495
BDKBJLID_02410	K01491
BDKBJLID_02411	K00297
BDKBJLID_02412	K00606
BDKBJLID_02413	K07232
BDKBJLID_02414	K01142
BDKBJLID_02415	K03594
BDKBJLID_02415	K03921
BDKBJLID_02416	K03406
BDKBJLID_02417	K18930
BDKBJLID_02418	K03698
BDKBJLID_02419	K00265
BDKBJLID_02419	K00284
BDKBJLID_02420	K09780
BDKBJLID_02421	K03086
BDKBJLID_02421	K03087
BDKBJLID_02422	K01512
BDKBJLID_02424	K00027
BDKBJLID_02424	K01679
BDKBJLID_02425	K07450
BDKBJLID_02426	K00817
BDKBJLID_02426	K01042
BDKBJLID_02426	K01089
BDKBJLID_02426	K02189
BDKBJLID_02426	K02225
BDKBJLID_02426	K04720
BDKBJLID_02427	K02227
BDKBJLID_02428	K02232
BDKBJLID_02430	K01687
BDKBJLID_02431	K09760
BDKBJLID_02432	K08972
BDKBJLID_02437	K02304
BDKBJLID_02437	K05936
BDKBJLID_02437	K13541
BDKBJLID_02439	K03394
BDKBJLID_02441	K00793
BDKBJLID_02441	K02858
BDKBJLID_02441	K14652
BDKBJLID_02442	K00082
BDKBJLID_02442	K01498
BDKBJLID_02442	K11752
BDKBJLID_02443	K01879
BDKBJLID_02443	K14164
BDKBJLID_02444	K01878
BDKBJLID_02444	K14164
BDKBJLID_02445	K21023
BDKBJLID_02446	K00833
BDKBJLID_02446	K01012
BDKBJLID_02447	K00652
BDKBJLID_02447	K01906
BDKBJLID_02448	K00652
BDKBJLID_02449	K10716
BDKBJLID_02452	K03316
BDKBJLID_02453	K09777
BDKBJLID_02454	K00942
BDKBJLID_02454	K01591
BDKBJLID_02455	K03060
BDKBJLID_02456	K01598
BDKBJLID_02456	K13038
BDKBJLID_02458	K01271
BDKBJLID_02458	K03785
BDKBJLID_02458	K03786
BDKBJLID_02459	K02356
BDKBJLID_02460	K00627
BDKBJLID_02460	K01571
BDKBJLID_02460	K02160
BDKBJLID_02461	K01961
BDKBJLID_02462	K00788
BDKBJLID_02473	K00857
BDKBJLID_02473	K01920
BDKBJLID_02473	K01935
BDKBJLID_02473	K02169
BDKBJLID_02479	K00074
BDKBJLID_02482	K01992
BDKBJLID_02483	K01990
BDKBJLID_02486	K12340
BDKBJLID_02487	K19338
BDKBJLID_02487	K21960
BDKBJLID_02489	K03585
BDKBJLID_02490	K12340
BDKBJLID_02491	K13542
BDKBJLID_02491	K13770
BDKBJLID_02491	K22108
BDKBJLID_02493	K09778
BDKBJLID_02494	K01952
BDKBJLID_02495	K01952
BDKBJLID_02496	K00764
BDKBJLID_02497	K07272
BDKBJLID_02497	K13486
BDKBJLID_02497	K20543
BDKBJLID_02497	K21007
BDKBJLID_02498	K03274
BDKBJLID_02502	K00713
BDKBJLID_02502	K06338
BDKBJLID_02503	K00697
BDKBJLID_02503	K13057
BDKBJLID_02503	K16055
BDKBJLID_02503	K20436
BDKBJLID_02504	K00697
BDKBJLID_02504	K01087
BDKBJLID_02504	K16055
BDKBJLID_02505	K00067
BDKBJLID_02507	K02879
BDKBJLID_02507	K16193
BDKBJLID_02508	K03040
BDKBJLID_02509	K02986
BDKBJLID_02510	K02952
BDKBJLID_02511	K02518
BDKBJLID_02512	K01265
BDKBJLID_02513	K00939
BDKBJLID_02514	K03076
BDKBJLID_02515	K02876
BDKBJLID_02516	K02988
BDKBJLID_02517	K02881
BDKBJLID_02518	K02933
BDKBJLID_02519	K02994
BDKBJLID_02520	K02931
BDKBJLID_02522	K02982
BDKBJLID_02523	K02890
BDKBJLID_02524	K02965
BDKBJLID_02525	K02886
BDKBJLID_02526	K02892
BDKBJLID_02527	K02926
BDKBJLID_02527	K16193
BDKBJLID_02528	K02906
BDKBJLID_02529	K02946
BDKBJLID_02530	K02358
BDKBJLID_02530	K15771
BDKBJLID_02531	K02355
BDKBJLID_02532	K02992
BDKBJLID_02533	K02950
BDKBJLID_02534	K03046
BDKBJLID_02534	K13797
BDKBJLID_02535	K03043
BDKBJLID_02535	K13797
BDKBJLID_02536	K02935
BDKBJLID_02537	K02864
BDKBJLID_02537	K02935
BDKBJLID_02538	K02863
BDKBJLID_02539	K02867
BDKBJLID_02540	K02601
BDKBJLID_02541	K03073
BDKBJLID_02543	K02358
BDKBJLID_02543	K15771
BDKBJLID_02548	K17218
BDKBJLID_02550	K14441
BDKBJLID_02554	K03642
BDKBJLID_02555	K16785
BDKBJLID_02555	K16786
BDKBJLID_02555	K16787
BDKBJLID_02556	K02963
BDKBJLID_02557	K03111
BDKBJLID_02558	K01754
BDKBJLID_02558	K02990
BDKBJLID_02559	K06942
BDKBJLID_02560	K01056
BDKBJLID_02561	K02897
BDKBJLID_02562	K00948
BDKBJLID_02564	K00919
BDKBJLID_02564	K02528
BDKBJLID_02564	K16924
BDKBJLID_02566	K00995
BDKBJLID_02566	K08744
BDKBJLID_02569	K03544
BDKBJLID_02570	K01358
BDKBJLID_02571	K02026
BDKBJLID_02571	K03545
BDKBJLID_02571	K03687
BDKBJLID_02572	K14253
BDKBJLID_02574	K00036
BDKBJLID_02575	K00033
BDKBJLID_02575	K00616
BDKBJLID_02575	K01810
BDKBJLID_02575	K13810
BDKBJLID_02576	K00033
BDKBJLID_02576	K00616
BDKBJLID_02577	K00615
BDKBJLID_02578	K01057
BDKBJLID_02579	K00845
BDKBJLID_02580	K21008
BDKBJLID_02588	K00344
